DATE and TIME (UTC) 	LAT  	LON  	MAG  	DEPTH
km	  LOCATION   
   (Shows interactive map)  	  IRIS ID
  (Other info)
28-SEP-2023 09:05:40	-2.90	126.54	4.9	9	CERAM SEA	  11750076
28-SEP-2023 06:57:12	-23.78	-70.25	4.2	67	NEAR COAST OF NORTHERN CHILE	  11750068
28-SEP-2023 06:28:04	1.20	-78.82	4.1	53	COLOMBIA-ECUADOR BORDER REGION	  11750052
28-SEP-2023 05:53:11	11.58	43.22	4.6	10	ETHIOPIA	  11750042
28-SEP-2023 01:43:34	-14.89	-173.39	5.0	52	SAMOA ISLANDS REGION	  11749999
28-SEP-2023 01:23:44	-16.03	-74.77	4.4	40	NEAR COAST OF PERU	  11750002
28-SEP-2023 01:22:05	11.60	43.17	4.7	12	ETHIOPIA	  11749995
28-SEP-2023 00:14:00	0.74	-26.14	4.9	10	CENTRAL MID-ATLANTIC RIDGE	  11749953
27-SEP-2023 23:43:10	-22.21	-179.46	4.5	571	SOUTH OF FIJI ISLANDS	  11749940
27-SEP-2023 22:32:57	-2.77	128.81	4.6	10	CERAM SEA	  11749930
27-SEP-2023 18:59:19	-8.23	129.00	4.2	10	TIMOR SEA	  11749774
27-SEP-2023 18:00:40	-18.94	-178.03	4.8	613	FIJI ISLANDS REGION	  11749760
27-SEP-2023 17:47:21	0.87	93.12	5.4	10	OFF W COAST OF NORTHERN SUMATRA	  11749758
27-SEP-2023 17:37:35	-53.51	-134.78	4.5	10	PACIFIC-ANTARCTIC RIDGE	  11749771
27-SEP-2023 16:15:22	-3.37	128.84	5.0	33	SERAM, INDONESIA	  11749738
27-SEP-2023 16:04:04	15.00	-94.01	4.6	42	NEAR COAST OF OAXACA, MEXICO	  11749927
27-SEP-2023 15:34:33	30.78	141.92	4.5	22	SOUTHEAST OF HONSHU, JAPAN	  11749938
27-SEP-2023 10:56:41	-40.78	172.75	4.2	10	OFF W. COAST OF S. ISLAND, N.Z.	  11749673
27-SEP-2023 09:51:05	56.45	-168.25	4.3	6	PRIBILOF ISLANDS, ALASKA REGION	  11749664
27-SEP-2023 09:07:23	-6.99	126.28	4.2	466	BANDA SEA	  11749659
27-SEP-2023 08:38:43	-18.82	169.28	4.6	112	VANUATU ISLANDS	  11749674
27-SEP-2023 05:40:03	-4.44	153.09	4.5	10	NEW IRELAND REGION, P.N.G.	  11749637
27-SEP-2023 02:54:45	31.48	141.82	5.0	17	SOUTHEAST OF HONSHU, JAPAN	  11749601
27-SEP-2023 02:14:27	55.00	-160.46	5.1	50	ALASKA PENINSULA	  11749595
26-SEP-2023 23:54:08	-23.08	-177.80	4.5	300	SOUTH OF FIJI ISLANDS	  11749553
26-SEP-2023 22:21:41	37.54	141.51	4.5	65	NEAR EAST COAST OF HONSHU, JAPAN	  11749494
26-SEP-2023 20:05:12	18.25	146.81	4.6	61	MARIANA ISLANDS	  11749480
26-SEP-2023 19:56:12	-27.56	-71.19	4.7	41	NEAR COAST OF NORTHERN CHILE	  11749478
26-SEP-2023 19:25:01	1.17	-79.10	4.5	41	NEAR COAST OF ECUADOR	  11749470
26-SEP-2023 17:40:52	17.39	-94.64	4.8	142	CHIAPAS, MEXICO	  11749414
26-SEP-2023 17:25:06	-2.08	99.96	4.4	36	SOUTHERN SUMATRA, INDONESIA	  11749429
26-SEP-2023 15:54:13	51.47	15.98	4.5	5	POLAND	  11749351
26-SEP-2023 14:05:31	-23.41	-179.81	5.2	534	SOUTH OF FIJI ISLANDS	  11749281
26-SEP-2023 09:11:14	-20.24	-69.04	4.7	95	NORTHERN CHILE	  11749220
26-SEP-2023 08:18:00	-28.76	-71.42	4.1	28	NEAR COAST OF CENTRAL CHILE	  11749216
26-SEP-2023 08:04:07	13.18	145.05	4.8	46	MARIANA ISLANDS	  11749212
26-SEP-2023 07:36:47	9.79	126.18	4.5	74	MINDANAO, PHILIPPINES	  11749208
26-SEP-2023 06:53:26	34.90	73.89	4.5	10	PAKISTAN	  11749205
26-SEP-2023 06:50:30	-10.30	161.50	4.7	81	SOLOMON ISLANDS	  11749204
26-SEP-2023 06:21:39	15.06	-104.47	5.4	10	OFF COAST OF MICHOACAN, MEXICO	  11749193
26-SEP-2023 05:03:32	-24.26	-179.82	4.3	496	SOUTH OF FIJI ISLANDS	  11749197
26-SEP-2023 03:10:29	-35.28	-71.10	4.3	100	CENTRAL CHILE	  11749558
26-SEP-2023 01:39:43	4.74	127.49	5.9	94	TALAUD ISLANDS, INDONESIA	  11749141
26-SEP-2023 01:37:05	36.13	70.45	4.2	139	HINDU KUSH REGION, AFGHANISTAN	  11749503
25-SEP-2023 23:39:22	38.33	141.30	4.5	81	NEAR EAST COAST OF HONSHU, JAPAN	  11749121
25-SEP-2023 23:04:32	24.48	122.74	4.3	100	TAIWAN REGION	  11749110
25-SEP-2023 15:48:49	-6.95	130.00	4.7	91	BANDA SEA	  11748934
25-SEP-2023 13:31:51	47.74	-128.44	4.1	10	OFF COAST OF WASHINGTON	  11748885
25-SEP-2023 12:11:59	-6.72	129.74	4.5	169	BANDA SEA	  11748857
25-SEP-2023 06:57:45	13.82	-91.89	4.6	35	NEAR COAST OF GUATEMALA	  11748878
25-SEP-2023 05:56:28	41.57	81.66	4.4	10	SOUTHERN XINJIANG, CHINA	  11748941
25-SEP-2023 05:23:49	-24.03	-67.11	4.1	230	CHILE-ARGENTINA BORDER REGION	  11748935
25-SEP-2023 05:21:56	-24.47	-176.98	4.7	100	SOUTH OF FIJI ISLANDS	  11748786
25-SEP-2023 05:11:20	-7.15	129.11	4.8	177	BANDA SEA	  11748781
25-SEP-2023 04:35:49	41.54	141.98	4.4	60	HOKKAIDO, JAPAN REGION	  11748838
25-SEP-2023 04:12:20	-55.92	-28.40	4.9	155	SOUTH SANDWICH ISLANDS REGION	  11748767
25-SEP-2023 03:37:59	33.84	136.97	4.4	368	NEAR S. COAST OF WESTERN HONSHU	  11748755
25-SEP-2023 02:44:15	53.30	159.66	4.2	69	NEAR EAST COAST OF KAMCHATKA	  11748765
25-SEP-2023 01:48:11	38.11	22.59	4.0	10	GREECE	  11749126
25-SEP-2023 01:28:54	-1.09	10.26	4.6	10	GABON	  11749063
24-SEP-2023 23:50:39	-14.48	173.64	4.5	611	FIJI ISLANDS REGION	  11748722
24-SEP-2023 21:24:58	-20.37	-174.31	4.7	40	TONGA ISLANDS	  11748683
24-SEP-2023 21:01:43	6.97	94.56	4.5	10	NICOBAR ISLANDS, INDIA REGION	  11748915
24-SEP-2023 17:39:02	36.16	70.96	4.3	98	HINDU KUSH REGION, AFGHANISTAN	  11748617
24-SEP-2023 16:34:30	6.85	94.64	4.8	10	NICOBAR ISLANDS, INDIA REGION	  11748606
24-SEP-2023 15:01:37	52.61	-171.84	5.0	109	FOX ISLANDS, ALEUTIAN ISLANDS	  11748591
24-SEP-2023 14:30:36	35.38	141.34	4.6	33	NEAR EAST COAST OF HONSHU, JAPAN	  11748592
24-SEP-2023 14:21:55	-2.38	29.54	4.5	10	LAKE TANGANYIKA REGION	  11748594
24-SEP-2023 11:01:55	-18.08	-178.33	4.4	615	FIJI ISLANDS REGION	  11748546
24-SEP-2023 09:36:08	-4.42	153.48	4.7	114	NEW IRELAND REGION, P.N.G.	  11748538
24-SEP-2023 09:21:41	13.79	-90.68	4.2	89	NEAR COAST OF GUATEMALA	  11748536
24-SEP-2023 08:13:46	-17.46	-178.88	4.5	534	FIJI ISLANDS REGION	  11748528
24-SEP-2023 05:55:40	-25.31	179.92	4.4	476	SOUTH OF FIJI ISLANDS	  11748505
24-SEP-2023 04:00:07	41.81	45.05	4.0	10	EASTERN CAUCASUS	  11748480
24-SEP-2023 02:28:51	31.03	141.92	4.5	10	SOUTHEAST OF HONSHU, JAPAN	  11748467
24-SEP-2023 02:12:28	33.98	26.10	4.4	10	EASTERN MEDITERRANEAN SEA	  11748457
24-SEP-2023 02:07:25	31.02	141.88	4.5	10	SOUTHEAST OF HONSHU, JAPAN	  11748451
24-SEP-2023 01:27:34	1.90	96.91	5.1	30	OFF W COAST OF NORTHERN SUMATRA	  11748442
23-SEP-2023 20:16:32	-21.20	-68.75	4.5	124	CHILE-BOLIVIA BORDER REGION	  11748389
23-SEP-2023 17:01:35	42.86	17.59	4.4	10	ADRIATIC SEA	  11748358
23-SEP-2023 15:51:21	-22.31	170.40	5.1	10	SOUTHEAST OF LOYALTY ISLANDS	  11748348
23-SEP-2023 15:01:14	35.66	140.78	4.4	52	NEAR EAST COAST OF HONSHU, JAPAN	  11748340
23-SEP-2023 14:24:34	17.16	96.09	4.8	10	MYANMAR	  11748333
23-SEP-2023 09:10:04	-10.64	165.85	4.5	188	SANTA CRUZ ISLANDS	  11748251
23-SEP-2023 08:22:21	37.87	36.37	4.5	4	TURKEY	  11748243
23-SEP-2023 02:20:15	-5.47	131.37	4.3	62	BANDA SEA	  11748192
23-SEP-2023 02:13:00	-19.80	-69.30	4.4	105	NORTHERN CHILE	  11748175
23-SEP-2023 02:09:01	-24.31	-67.13	4.4	171	CHILE-ARGENTINA BORDER REGION	  11748172
23-SEP-2023 01:49:14	50.56	156.53	4.5	108	KURIL ISLANDS	  11748169
22-SEP-2023 23:39:31	37.47	73.24	4.3	86	TAJIKISTAN	  11748150
22-SEP-2023 23:31:24	44.92	144.30	4.0	247	HOKKAIDO, JAPAN REGION	  11748124
22-SEP-2023 22:13:50	-18.86	-174.25	4.9	130	TONGA ISLANDS	  11748052
22-SEP-2023 20:47:01	-19.16	-67.29	4.4	212	SOUTHERN BOLIVIA	  11749390
22-SEP-2023 20:19:47	-22.26	-68.68	4.5	128	NORTHERN CHILE	  11748015
22-SEP-2023 19:31:28	51.25	100.26	4.3	10	RUSSIA-MONGOLIA BORDER REGION	  11748011
22-SEP-2023 19:13:40	43.34	138.99	4.1	219	EASTERN SEA OF JAPAN	  11748006
22-SEP-2023 16:33:14	30.90	142.09	5.0	10	SOUTHEAST OF HONSHU, JAPAN	  11747916
22-SEP-2023 16:19:32	-14.93	166.84	5.4	40	VANUATU ISLANDS	  11747912
22-SEP-2023 14:59:17	-7.13	129.72	5.8	155	BANDA SEA	  11747905
22-SEP-2023 13:53:51	36.67	71.04	4.2	216	AFGHANISTAN-TAJIKISTAN BORD REG.	  11748204
22-SEP-2023 12:22:00	-24.61	179.86	4.3	513	SOUTH OF FIJI ISLANDS	  11747888
22-SEP-2023 11:59:08	54.97	-160.38	4.0	46	ALASKA PENINSULA	  11747881
22-SEP-2023 10:14:55	-10.05	-72.94	4.5	220	PERU-BRAZIL BORDER REGION	  11747924
22-SEP-2023 09:05:40	19.27	121.03	4.5	35	PHILIPPINE ISLANDS REGION	  11747871
22-SEP-2023 09:04:41	54.98	-160.48	5.0	44	ALASKA PENINSULA	  11747843
22-SEP-2023 08:20:58	-25.29	-179.85	4.8	470	SOUTH OF FIJI ISLANDS	  11747835
22-SEP-2023 07:56:31	-21.13	-68.74	4.2	114	CHILE-BOLIVIA BORDER REGION	  11748200
22-SEP-2023 05:07:14	11.86	-87.23	4.6	40	NEAR COAST OF NICARAGUA	  11747808
22-SEP-2023 03:18:12	6.25	123.79	4.4	575	MINDANAO, PHILIPPINES	  11747794
22-SEP-2023 02:21:45	36.61	70.98	4.4	205	HINDU KUSH REGION, AFGHANISTAN	  11747792
22-SEP-2023 02:18:15	-8.32	119.66	4.4	193	FLORES REGION, INDONESIA	  11747789
22-SEP-2023 02:11:55	-8.72	-74.39	4.9	132	PERU-BRAZIL BORDER REGION	  11747781
22-SEP-2023 01:11:42	-3.80	151.95	5.0	10	NEW IRELAND REGION, P.N.G.	  11747770
22-SEP-2023 00:46:51	31.06	142.03	4.7	10	SOUTHEAST OF HONSHU, JAPAN	  11747768
22-SEP-2023 00:45:48	14.92	108.20	4.6	10	VIETNAM	  11747771
22-SEP-2023 00:31:12	18.16	-76.66	4.3	10	JAMAICA REGION	  11747731
21-SEP-2023 22:49:19	-21.82	-67.18	4.3	194	CHILE-BOLIVIA BORDER REGION	  11747697
21-SEP-2023 22:41:40	79.57	-18.58	4.7	10	EASTERN GREENLAND	  11747708
21-SEP-2023 21:22:12	30.96	141.83	5.7	13	SOUTHEAST OF HONSHU, JAPAN	  11747634
21-SEP-2023 21:11:49	-14.00	167.19	6.1	188	VANUATU ISLANDS	  11747627
21-SEP-2023 20:56:07	-29.91	-177.37	4.4	33	KERMADEC ISLANDS, NEW ZEALAND	  11749737
21-SEP-2023 19:58:12	4.16	96.41	4.0	11	NORTHERN SUMATRA, INDONESIA	  11749740
21-SEP-2023 19:26:18	18.57	146.63	4.3	66	MARIANA ISLANDS	  11749731
21-SEP-2023 19:11:32	-32.04	-178.45	4.1	37	SOUTH OF KERMADEC ISLANDS	  11749726
21-SEP-2023 18:23:22	-6.26	122.65	4.6	10	FLORES SEA	  11749709
21-SEP-2023 18:13:37	-6.26	103.84	4.4	39	SOUTHWEST OF SUMATRA, INDONESIA	  11749705
21-SEP-2023 16:43:07	-8.60	118.35	4.5	133	SUMBAWA REGION, INDONESIA	  11747520
21-SEP-2023 15:20:32	-30.64	-178.22	5.6	40	KERMADEC ISLANDS, NEW ZEALAND	  11747500
21-SEP-2023 10:09:24	-23.24	-66.73	4.5	205	JUJUY PROVINCE, ARGENTINA	  11747446
21-SEP-2023 09:48:22	13.79	144.64	5.0	148	MARIANA ISLANDS	  11747444
21-SEP-2023 06:34:25	36.12	68.44	4.1	121	HINDU KUSH REGION, AFGHANISTAN	  11747420
21-SEP-2023 04:07:03	0.12	98.46	4.7	27	NORTHERN SUMATRA, INDONESIA	  11747398
21-SEP-2023 01:13:59	54.97	-160.37	5.4	51	ALASKA PENINSULA	  11747361
20-SEP-2023 22:17:32	46.84	146.20	4.6	340	NORTHWEST OF KURIL ISLANDS	  11747272
20-SEP-2023 20:55:13	-8.88	-108.27	4.4	10	CENTRAL EAST PACIFIC RISE	  11749693
20-SEP-2023 20:05:03	-7.15	105.35	4.4	35	JAVA, INDONESIA	  11749423
20-SEP-2023 19:30:59	-55.40	-28.86	4.3	35	SOUTH SANDWICH ISLANDS REGION	  11749427
20-SEP-2023 19:22:32	-44.89	35.20	5.7	10	PRINCE EDWARD ISLANDS REGION	  11747233
20-SEP-2023 18:00:45	-1.25	134.32	4.2	30	IRIAN JAYA REGION, INDONESIA	  11749391
20-SEP-2023 15:28:25	-4.71	-106.17	4.6	10	CENTRAL EAST PACIFIC RISE	  11747352
20-SEP-2023 15:03:36	-4.67	-105.92	5.7	10	CENTRAL EAST PACIFIC RISE	  11747148
20-SEP-2023 14:49:01	-24.24	-67.56	4.7	174	CHILE-ARGENTINA BORDER REGION	  11747156
20-SEP-2023 14:45:58	-4.58	-105.65	6.0	10	CENTRAL EAST PACIFIC RISE	  11747145
20-SEP-2023 14:45:28	-4.54	-105.72	5.2	10	CENTRAL EAST PACIFIC RISE	  11747146
20-SEP-2023 14:00:14	40.26	142.33	4.4	50	NEAR EAST COAST OF HONSHU, JAPAN	  11747141
20-SEP-2023 11:00:34	-22.72	172.34	4.6	35	SOUTHEAST OF LOYALTY ISLANDS	  11747109
20-SEP-2023 09:59:02	-24.95	-70.16	4.4	68	NEAR COAST OF NORTHERN CHILE	  11747097
20-SEP-2023 09:32:31	-14.70	167.97	5.0	14	VANUATU ISLANDS	  11747091
20-SEP-2023 08:50:26	-17.86	-178.63	4.6	559	FIJI ISLANDS REGION	  11747088
20-SEP-2023 07:00:42	19.60	-70.89	4.4	23	DOMINICAN REPUBLIC REGION	  11747077
20-SEP-2023 05:42:41	-20.72	-178.34	4.6	549	FIJI ISLANDS REGION	  11747064
20-SEP-2023 01:33:08	32.34	24.51	4.1	10	NEAR COAST OF LIBYA	  11747774
20-SEP-2023 00:49:12	40.31	144.99	4.7	10	OFF EAST COAST OF HONSHU, JAPAN	  11747005
20-SEP-2023 00:27:17	-36.48	-96.91	4.9	10	WEST CHILE RISE	  11747281
19-SEP-2023 23:27:23	-56.05	-27.25	4.6	108	SOUTH SANDWICH ISLANDS REGION	  11748041
19-SEP-2023 22:39:21	-30.00	-176.43	4.4	10	KERMADEC ISLANDS REGION	  11748045
19-SEP-2023 22:17:47	31.00	141.99	5.2	10	SOUTHEAST OF HONSHU, JAPAN	  11746937
19-SEP-2023 22:01:05	31.36	141.76	4.4	10	SOUTHEAST OF HONSHU, JAPAN	  11746910
19-SEP-2023 21:14:49	-43.71	171.12	5.6	12	SOUTH ISLAND, NEW ZEALAND	  11746900
19-SEP-2023 21:10:54	10.85	144.08	4.8	10	SOUTH OF MARIANA ISLANDS	  11746901
19-SEP-2023 18:22:13	42.64	148.85	4.5	10	OFF COAST OF HOKKAIDO, JAPAN	  11746904
19-SEP-2023 18:06:06	-24.37	-67.15	4.3	167	CHILE-ARGENTINA BORDER REGION	  11746853
19-SEP-2023 16:52:58	54.33	-160.86	4.4	27	ALASKA PENINSULA	  11746801
19-SEP-2023 16:04:10	51.51	16.17	4.6	5	POLAND	  11746798
19-SEP-2023 15:01:22	16.57	-100.29	4.2	10	NEAR COAST OF GUERRERO, MEXICO	  11746772
19-SEP-2023 14:18:07	31.02	141.96	4.5	10	SOUTHEAST OF HONSHU, JAPAN	  11749782
19-SEP-2023 14:05:25	-27.51	-178.10	4.1	242	KERMADEC ISLANDS REGION	  11749767
19-SEP-2023 12:16:33	-5.34	103.67	4.9	60	SOUTHERN SUMATRA, INDONESIA	  11746737
19-SEP-2023 11:14:31	-8.66	118.33	4.5	137	SUMBAWA REGION, INDONESIA	  11746732
19-SEP-2023 07:32:11	41.87	144.36	4.6	44	HOKKAIDO, JAPAN REGION	  11746707
19-SEP-2023 06:22:36	30.98	141.98	5.8	10	SOUTHEAST OF HONSHU, JAPAN	  11746692
19-SEP-2023 05:28:39	37.38	73.15	4.6	58	TAJIKISTAN	  11746685
19-SEP-2023 04:32:17	6.09	126.89	4.6	82	MINDANAO, PHILIPPINES	  11747051
19-SEP-2023 04:13:10	37.44	-121.30	4.5	4	CENTRAL CALIFORNIA	  11746663
19-SEP-2023 03:28:25	-13.23	167.17	4.9	232	VANUATU ISLANDS	  11746656
19-SEP-2023 02:45:38	-20.07	-69.29	4.1	87	NORTHERN CHILE	  11746650
19-SEP-2023 00:27:44	-22.51	-174.09	4.8	10	TONGA ISLANDS REGION	  11748609
19-SEP-2023 00:15:32	37.44	-121.28	4.0	0	CENTRAL CALIFORNIA	  11746589
18-SEP-2023 22:41:01	-10.01	160.82	4.9	37	SOLOMON ISLANDS	  11746577
18-SEP-2023 20:32:10	33.15	138.30	4.1	297	SOUTHEAST OF HONSHU, JAPAN	  11746521
18-SEP-2023 20:32:00	-6.10	-81.48	4.1	18	NEAR COAST OF NORTHERN PERU	  11748966
18-SEP-2023 19:44:43	-14.77	167.35	4.8	159	VANUATU ISLANDS	  11746500
18-SEP-2023 19:33:03	38.52	141.66	5.5	51	NEAR EAST COAST OF HONSHU, JAPAN	  11746496
18-SEP-2023 17:57:28	-5.16	101.95	4.4	25	SOUTHWEST OF SUMATRA, INDONESIA	  11746470
18-SEP-2023 17:24:50	32.21	142.12	4.2	18	SOUTHEAST OF HONSHU, JAPAN	  11748909
18-SEP-2023 17:06:03	-55.40	-128.65	4.8	10	PACIFIC-ANTARCTIC RIDGE	  11746502
18-SEP-2023 16:49:25	-55.37	-128.60	5.0	10	PACIFIC-ANTARCTIC RIDGE	  11749733
18-SEP-2023 16:42:38	-3.51	149.26	4.6	10	BISMARCK SEA	  11749728
18-SEP-2023 16:40:40	-3.60	149.57	4.6	10	BISMARCK SEA	  11746411
18-SEP-2023 16:23:57	17.28	-46.32	4.6	10	NORTHERN MID-ATLANTIC RIDGE	  11749723
18-SEP-2023 16:20:15	-20.81	-67.19	4.3	198	SOUTHERN BOLIVIA	  11746388
18-SEP-2023 16:06:01	-30.30	-177.99	4.3	9	KERMADEC ISLANDS, NEW ZEALAND	  11749712
18-SEP-2023 15:35:27	-15.09	171.69	4.2	670	VANUATU ISLANDS REGION	  11749703
18-SEP-2023 15:19:31	-14.42	167.26	4.7	206	VANUATU ISLANDS	  11746371
18-SEP-2023 13:37:40	54.04	159.64	4.6	108	NEAR EAST COAST OF KAMCHATKA	  11746351
18-SEP-2023 13:21:23	26.53	125.23	6.3	176	NORTHEAST OF TAIWAN	  11746335
18-SEP-2023 11:31:11	29.71	139.02	4.5	444	SOUTHEAST OF HONSHU, JAPAN	  11746296
18-SEP-2023 11:15:17	-14.41	168.03	4.3	11	VANUATU ISLANDS	  11748770
18-SEP-2023 11:11:58	-20.60	-174.81	4.2	122	TONGA ISLANDS	  11748762
18-SEP-2023 11:02:08	13.01	121.07	4.8	68	MINDORO, PHILIPPINES	  11746292
18-SEP-2023 10:02:53	7.10	-72.10	4.5	10	NORTHERN COLOMBIA	  11746331
18-SEP-2023 08:38:14	14.10	-92.15	4.2	35	NEAR COAST OF CHIAPAS, MEXICO	  11746380
18-SEP-2023 06:24:05	-22.38	68.98	4.7	10	MID-INDIAN RIDGE	  11746261
18-SEP-2023 06:20:52	38.81	-122.79	4.6	1	NORTHERN CALIFORNIA	  11746246
18-SEP-2023 03:43:21	28.54	129.94	4.7	35	RYUKYU ISLANDS, JAPAN	  11746227
18-SEP-2023 03:10:14	44.05	11.68	5.1	10	NORTHERN ITALY	  11746223
18-SEP-2023 02:54:04	13.22	120.34	5.0	35	MINDORO, PHILIPPINES	  11746220
18-SEP-2023 02:38:03	44.05	11.68	4.2	15	NORTHERN ITALY	  11746608
18-SEP-2023 00:55:02	-10.43	161.50	4.6	73	SOLOMON ISLANDS	  11748740
18-SEP-2023 00:50:36	0.04	123.62	4.3	132	MINAHASSA PENINSULA, SULAWESI	  11748737
17-SEP-2023 23:37:16	-19.47	-177.71	4.4	568	FIJI ISLANDS REGION	  11748679
17-SEP-2023 23:18:53	55.32	164.64	4.4	10	KOMANDORSKIYE OSTROVA REGION	  11746197
17-SEP-2023 22:54:37	-55.99	-27.07	5.1	35	SOUTH SANDWICH ISLANDS REGION	  11746196
17-SEP-2023 22:20:41	-5.37	147.15	4.1	207	EASTERN NEW GUINEA REG., P.N.G.	  11746183
17-SEP-2023 20:03:46	-28.27	-71.20	4.1	47	NEAR COAST OF CENTRAL CHILE	  11746171
17-SEP-2023 18:09:29	-5.40	34.83	4.3	10	TANZANIA	  11746160
17-SEP-2023 16:23:34	38.75	71.73	4.6	38	AFGHANISTAN-TAJIKISTAN BORD REG.	  11746142
17-SEP-2023 15:19:50	50.81	-130.34	4.1	10	VANCOUVER ISLAND, CANADA REGION	  11746141
17-SEP-2023 12:58:45	-15.60	168.15	4.6	10	VANUATU ISLANDS	  11746105
17-SEP-2023 11:56:58	36.34	-16.56	4.3	10	AZORES-CAPE ST. VINCENT RIDGE	  11748764
17-SEP-2023 11:54:00	-10.14	161.32	5.0	93	SOLOMON ISLANDS	  11746099
17-SEP-2023 11:28:11	50.80	-130.30	5.6	10	VANCOUVER ISLAND, CANADA REGION	  11746095
17-SEP-2023 10:56:14	-8.31	127.83	4.4	10	TIMOR REGION	  11746093
17-SEP-2023 09:59:18	50.33	-128.65	4.3	12	VANCOUVER ISLAND, CANADA REGION	  11746064
17-SEP-2023 09:59:00	50.92	-130.08	4.5	10	VANCOUVER ISLAND, CANADA REGION	  11746065
17-SEP-2023 07:55:25	17.74	-81.65	4.2	10	NORTH OF HONDURAS	  11746060
17-SEP-2023 06:49:49	23.96	90.64	4.0	10	BANGLADESH	  11746063
17-SEP-2023 04:12:33	11.30	125.33	4.2	82	SAMAR, PHILIPPINES	  11747777
17-SEP-2023 04:01:46	-29.42	-71.31	5.0	41	NEAR COAST OF CENTRAL CHILE	  11746033
17-SEP-2023 03:17:57	-27.04	-71.43	4.5	10	NEAR COAST OF NORTHERN CHILE	  11746949
17-SEP-2023 02:58:11	19.15	121.18	4.5	35	PHILIPPINE ISLANDS REGION	  11746027
17-SEP-2023 02:18:05	-37.70	-75.24	5.0	10	OFF COAST OF CENTRAL CHILE	  11746020
17-SEP-2023 02:00:26	34.57	98.95	4.4	10	QINGHAI, CHINA	  11746021
17-SEP-2023 00:59:49	-54.09	7.72	4.4	10	BOUVET ISLAND REGION	  11747654
17-SEP-2023 00:04:19	38.94	71.70	4.3	10	AFGHANISTAN-TAJIKISTAN BORD REG.	  11745987
16-SEP-2023 23:59:21	52.44	-169.42	4.1	35	FOX ISLANDS, ALEUTIAN ISLANDS	  11746047
16-SEP-2023 23:44:58	-16.06	-173.62	4.3	118	TONGA ISLANDS	  11747691
16-SEP-2023 23:17:52	-7.10	144.97	4.3	10	NEAR S COAST OF NEW GUINEA, PNG.	  11747695
16-SEP-2023 22:51:24	40.76	51.91	4.5	10	CASPIAN SEA	  11745983
16-SEP-2023 21:17:39	-0.50	133.20	5.0	10	IRIAN JAYA REGION, INDONESIA	  11745975
16-SEP-2023 21:14:01	-7.63	127.55	4.2	157	BANDA SEA	  11745978
16-SEP-2023 20:53:13	-13.56	167.17	4.6	227	VANUATU ISLANDS	  11745967
16-SEP-2023 20:06:27	-24.19	-175.98	4.6	35	SOUTH OF TONGA ISLANDS	  11748491
16-SEP-2023 19:52:43	-20.20	-175.30	4.6	160	TONGA ISLANDS	  11748485
16-SEP-2023 19:42:09	-43.49	92.26	4.9	10	SOUTHEAST INDIAN RIDGE	  11748482
16-SEP-2023 19:14:12	-41.20	-89.16	4.6	10	SOUTHEAST OF EASTER ISLAND	  11746232
16-SEP-2023 19:08:57	-24.34	-67.31	4.7	197	CHILE-ARGENTINA BORDER REGION	  11746229
16-SEP-2023 18:28:20	45.03	149.83	4.5	35	KURIL ISLANDS	  11745970
16-SEP-2023 17:31:10	-57.90	-24.98	5.0	26	SOUTH SANDWICH ISLANDS REGION	  11745943
16-SEP-2023 15:56:48	55.56	160.05	4.4	189	KAMCHATKA PENINSULA, RUSSIA	  11745931
16-SEP-2023 15:26:03	-30.13	-177.39	4.5	10	KERMADEC ISLANDS, NEW ZEALAND	  11748331
16-SEP-2023 13:47:56	-13.76	66.23	5.5	10	MID-INDIAN RIDGE	  11745910
16-SEP-2023 13:29:30	6.80	-72.99	4.9	155	NORTHERN COLOMBIA	  11745904
16-SEP-2023 10:04:53	3.91	126.36	4.9	10	TALAUD ISLANDS, INDONESIA	  11745871
16-SEP-2023 09:57:40	14.91	-94.53	4.2	10	OFF COAST OF CHIAPAS, MEXICO	  11745872
16-SEP-2023 08:55:18	-7.42	128.58	4.2	158	BANDA SEA	  11749682
16-SEP-2023 08:39:35	-5.94	151.25	4.8	54	NEW BRITAIN REGION, P.N.G.	  11745855
16-SEP-2023 07:44:09	-32.65	-179.03	4.2	10	SOUTH OF KERMADEC ISLANDS	  11749677
16-SEP-2023 06:48:26	36.51	71.24	4.2	112	AFGHANISTAN-TAJIKISTAN BORD REG.	  11749676
16-SEP-2023 06:44:11	14.96	-94.38	4.2	39	OFF COAST OF CHIAPAS, MEXICO	  11749675
16-SEP-2023 05:58:35	35.93	140.27	4.4	58	NEAR EAST COAST OF HONSHU, JAPAN	  11749669
16-SEP-2023 05:43:40	-17.51	-69.56	4.3	176	PERU-BOLIVIA BORDER REGION	  11749668
16-SEP-2023 05:28:06	36.64	71.39	4.2	125	AFGHANISTAN-TAJIKISTAN BORD REG.	  11749667
16-SEP-2023 04:51:26	14.91	-94.23	4.3	32	OFF COAST OF CHIAPAS, MEXICO	  11747710
16-SEP-2023 04:51:06	15.20	-94.23	4.1	54	NEAR COAST OF OAXACA, MEXICO	  11746977
16-SEP-2023 04:09:44	-15.27	167.59	4.2	142	VANUATU ISLANDS	  11747706
16-SEP-2023 03:06:59	-6.00	151.32	4.7	10	NEW BRITAIN REGION, P.N.G.	  11747700
16-SEP-2023 02:42:53	-5.99	151.42	4.5	10	NEW BRITAIN REGION, P.N.G.	  11747693
16-SEP-2023 02:03:20	38.67	18.01	4.2	10	IONIAN SEA	  11746975
16-SEP-2023 02:01:48	-30.73	-178.42	5.0	10	KERMADEC ISLANDS, NEW ZEALAND	  11745795
16-SEP-2023 01:29:18	-5.83	102.93	4.8	29	SOUTHERN SUMATRA, INDONESIA	  11745794
16-SEP-2023 00:24:00	-20.05	-178.45	4.6	599	FIJI ISLANDS REGION	  11748478
16-SEP-2023 00:10:25	-20.06	169.80	4.4	253	VANUATU ISLANDS	  11748471
16-SEP-2023 00:05:45	-27.62	-174.77	4.5	10	KERMADEC ISLANDS REGION	  11748469
15-SEP-2023 23:06:57	-24.28	-175.63	5.0	10	SOUTH OF TONGA ISLANDS	  11745733
15-SEP-2023 22:58:45	-5.64	147.48	4.4	181	EASTERN NEW GUINEA REG., P.N.G.	  11748466
15-SEP-2023 22:57:15	37.06	23.92	4.2	119	SOUTHERN GREECE	  11745727
15-SEP-2023 22:31:27	-21.32	-67.72	4.5	220	CHILE-BOLIVIA BORDER REGION	  11745718
15-SEP-2023 19:51:29	-5.46	128.94	4.4	296	BANDA SEA	  11745691
15-SEP-2023 19:35:56	37.15	141.64	4.6	38	NEAR EAST COAST OF HONSHU, JAPAN	  11745676
15-SEP-2023 18:16:00	1.12	126.33	5.0	6	NORTHERN MOLUCCA SEA	  11745559
15-SEP-2023 18:07:39	-27.31	-71.57	5.7	5	NEAR COAST OF NORTHERN CHILE	  11745540
15-SEP-2023 17:15:09	37.13	71.72	4.3	133	AFGHANISTAN-TAJIKISTAN BORD REG.	  11745553
15-SEP-2023 17:04:30	-15.53	-174.43	4.9	183	TONGA ISLANDS	  11745505
15-SEP-2023 15:54:24	56.16	163.54	4.2	41	NEAR EAST COAST OF KAMCHATKA	  11745485
15-SEP-2023 14:57:09	-25.20	-179.51	4.3	410	SOUTH OF FIJI ISLANDS	  11745819
15-SEP-2023 13:02:25	-30.11	-177.78	5.1	37	KERMADEC ISLANDS, NEW ZEALAND	  11745407
15-SEP-2023 12:44:00	2.66	127.13	4.3	57	NORTHERN MOLUCCA SEA	  11747809
15-SEP-2023 11:44:35	13.38	51.12	4.4	10	EASTERN GULF OF ADEN	  11747818
15-SEP-2023 10:34:23	23.96	121.84	4.9	13	TAIWAN	  11745386
15-SEP-2023 09:30:02	-60.44	-25.88	5.0	10	SOUTH SANDWICH ISLANDS REGION	  11745377
15-SEP-2023 08:30:36	-7.21	127.49	4.1	146	BANDA SEA	  11749636
15-SEP-2023 08:00:48	15.50	145.50	4.8	10	MARIANA ISLANDS	  11750048
15-SEP-2023 07:56:43	35.78	140.26	4.4	65	NEAR EAST COAST OF HONSHU, JAPAN	  11749633
15-SEP-2023 07:32:33	15.61	145.88	4.5	9	MARIANA ISLANDS	  11750040
15-SEP-2023 07:28:50	15.45	145.74	4.5	11	MARIANA ISLANDS	  11750043
15-SEP-2023 07:25:40	15.44	145.94	4.4	10	MARIANA ISLANDS	  11750032
15-SEP-2023 07:20:09	28.32	140.30	4.4	179	BONIN ISLANDS, JAPAN REGION	  11745357
15-SEP-2023 07:13:53	-3.11	-77.66	4.4	10	PERU-ECUADOR BORDER REGION	  11749631
15-SEP-2023 06:23:03	17.79	-81.77	4.1	10	NORTH OF HONDURAS	  11749628
15-SEP-2023 06:22:28	15.53	145.61	4.6	8	MARIANA ISLANDS	  11750044
15-SEP-2023 06:19:55	15.51	145.57	4.6	10	MARIANA ISLANDS	  11750045
15-SEP-2023 05:00:36	-15.96	-72.01	4.1	124	SOUTHERN PERU	  11745398
15-SEP-2023 04:28:48	15.50	145.88	4.7	10	MARIANA ISLANDS	  11747317
15-SEP-2023 04:26:48	15.51	145.85	4.7	10	MARIANA ISLANDS	  11745344
15-SEP-2023 04:21:05	-17.42	-70.78	4.4	127	NEAR COAST OF PERU	  11745339
15-SEP-2023 03:09:22	-20.86	-69.07	4.5	117	NORTHERN CHILE	  11745333
15-SEP-2023 02:48:01	-30.19	60.22	4.7	10	SOUTHWEST INDIAN RIDGE	  11747265
15-SEP-2023 02:37:46	-60.78	-23.64	5.1	10	SOUTH SANDWICH ISLANDS REGION	  11745328
15-SEP-2023 00:46:56	-48.89	123.89	4.6	10	WESTERN INDIAN-ANTARCTIC RIDGE	  11748443
15-SEP-2023 00:44:57	9.64	138.72	4.5	10	W. CAROLINE ISLANDS, MICRONESIA	  11748435
14-SEP-2023 23:51:27	-57.94	-25.21	5.1	59	SOUTH SANDWICH ISLANDS REGION	  11745271
14-SEP-2023 23:34:24	5.50	127.03	4.5	10	PHILIPPINE ISLANDS REGION	  11748210
14-SEP-2023 23:15:31	-6.54	149.47	5.0	10	NEW BRITAIN REGION, P.N.G.	  11745265
14-SEP-2023 22:51:25	-36.51	-98.08	5.6	10	SOUTHEAST OF EASTER ISLAND	  11745255
14-SEP-2023 22:42:18	20.02	121.33	4.0	38	PHILIPPINE ISLANDS REGION	  11748014
14-SEP-2023 22:35:05	59.31	-153.50	4.0	104	SOUTHERN ALASKA	  11745240
14-SEP-2023 22:02:44	24.50	141.28	4.5	228	VOLCANO ISLANDS, JAPAN REGION	  11748000
14-SEP-2023 20:44:25	-6.27	149.62	4.5	62	NEW BRITAIN REGION, P.N.G.	  11746891
14-SEP-2023 19:58:43	-6.17	149.58	5.6	59	NEW BRITAIN REGION, P.N.G.	  11745209
14-SEP-2023 18:50:41	29.08	-97.86	4.0	5	CENTRAL TEXAS	  11745176
14-SEP-2023 14:40:17	-27.20	-71.16	4.4	20	NEAR COAST OF NORTHERN CHILE	  11748325
14-SEP-2023 14:25:06	5.27	-76.73	5.2	7	COLOMBIA	  11745104
14-SEP-2023 13:50:50	-18.81	-177.62	4.3	581	FIJI ISLANDS REGION	  11748322
14-SEP-2023 13:46:08	7.89	124.91	4.6	56	MINDANAO, PHILIPPINES	  11748321
14-SEP-2023 13:18:10	-60.79	-34.33	4.6	10	SCOTIA SEA	  11748318
14-SEP-2023 10:44:53	18.21	-99.09	4.0	60	GUERRERO, MEXICO	  11745070
14-SEP-2023 07:32:51	28.00	-112.14	4.0	10	GULF OF CALIFORNIA	  11745046
14-SEP-2023 07:19:49	-36.32	-99.58	4.9	10	SOUTHEAST OF EASTER ISLAND	  11745044
14-SEP-2023 07:01:04	6.84	-73.03	5.1	151	NORTHERN COLOMBIA	  11745041
14-SEP-2023 05:53:16	30.97	-8.37	4.6	10	MOROCCO	  11745026
14-SEP-2023 03:34:20	10.00	-86.39	4.5	10	OFF COAST OF COSTA RICA	  11745012
14-SEP-2023 02:47:27	-23.98	-66.76	4.4	205	JUJUY PROVINCE, ARGENTINA	  11744989
14-SEP-2023 00:50:16	-27.23	-71.20	4.5	16	NEAR COAST OF NORTHERN CHILE	  11744972
14-SEP-2023 00:31:17	-21.47	-178.46	4.5	503	FIJI ISLANDS REGION	  11744943
13-SEP-2023 20:53:05	-21.32	-179.08	4.3	552	FIJI ISLANDS REGION	  11746519
13-SEP-2023 18:49:58	2.17	-101.83	4.3	10	GALAPAGOS TRIPLE JUNCTION REGION	  11746766
13-SEP-2023 17:51:07	15.23	39.47	5.0	10	ETHIOPIA	  11744780
13-SEP-2023 16:45:03	-23.06	170.07	5.2	10	SOUTHEAST OF LOYALTY ISLANDS	  11744767
13-SEP-2023 16:22:25	-23.10	-175.09	4.9	10	TONGA ISLANDS REGION	  11747043
13-SEP-2023 12:25:31	18.72	145.43	4.4	148	MARIANA ISLANDS	  11749196
13-SEP-2023 11:49:15	-36.25	-97.95	6.1	10	WEST CHILE RISE	  11744716
13-SEP-2023 11:36:54	-9.67	159.86	5.2	45	SOLOMON ISLANDS	  11744687
13-SEP-2023 11:03:43	7.06	-71.79	4.2	10	VENEZUELA	  11749188
13-SEP-2023 09:16:08	48.88	156.14	4.6	30	EAST OF KURIL ISLANDS	  11744668
13-SEP-2023 08:38:17	43.87	13.39	4.1	10	CENTRAL ITALY	  11744667
13-SEP-2023 07:52:40	-22.94	-66.42	4.2	259	JUJUY PROVINCE, ARGENTINA	  11744661
13-SEP-2023 05:34:33	-5.72	110.19	5.1	649	JAVA SEA	  11744627
13-SEP-2023 04:07:20	31.79	142.28	4.4	10	SOUTHEAST OF HONSHU, JAPAN	  11744862
13-SEP-2023 03:24:38	52.48	166.32	4.4	20	SOUTH OF ALEUTIAN ISLANDS	  11744592
13-SEP-2023 03:24:32	55.37	166.48	4.3	10	KOMANDORSKIYE OSTROVA REGION	  11744846
13-SEP-2023 02:33:10	70.58	-14.71	5.1	10	JAN MAYEN ISLAND REGION	  11744581
13-SEP-2023 00:53:58	18.45	-105.53	4.6	10	OFF COAST OF JALISCO, MEXICO	  11744603
13-SEP-2023 00:51:16	35.10	22.62	4.1	51	CENTRAL MEDITERRANEAN SEA	  11745223
13-SEP-2023 00:06:29	70.40	-14.78	4.9	10	JAN MAYEN ISLAND REGION	  11744545
13-SEP-2023 00:05:37	70.58	-14.65	4.6	10	JAN MAYEN ISLAND REGION	  11744541
12-SEP-2023 23:53:38	70.48	-14.56	4.2	10	JAN MAYEN ISLAND REGION	  11744537
12-SEP-2023 23:17:37	51.51	-176.45	5.0	50	ANDREANOF ISLANDS, ALEUTIAN IS.	  11744525
12-SEP-2023 21:48:58	54.01	-164.14	4.9	54	UNIMAK ISLAND REGION, ALASKA	  11744496
12-SEP-2023 18:55:52	-36.64	178.25	4.5	102	OFF E. COAST OF N. ISLAND, N.Z.	  11744749
12-SEP-2023 18:38:58	-24.12	-66.78	4.1	187	SALTA PROVINCE, ARGENTINA	  11744499
12-SEP-2023 15:01:14	-7.81	120.55	4.5	10	FLORES SEA	  11744311
12-SEP-2023 13:58:01	30.18	142.15	4.8	10	SOUTHEAST OF HONSHU, JAPAN	  11744299
12-SEP-2023 12:52:05	-31.08	-178.63	4.2	124	KERMADEC ISLANDS REGION	  11746706
12-SEP-2023 12:19:01	-21.76	-68.26	4.4	117	CHILE-BOLIVIA BORDER REGION	  11745514
12-SEP-2023 11:03:18	19.27	121.22	6.3	41	PHILIPPINE ISLANDS REGION	  11744268
12-SEP-2023 10:43:55	31.83	140.61	4.5	79	SOUTHEAST OF HONSHU, JAPAN	  11744263
12-SEP-2023 08:57:27	28.09	130.28	4.9	10	RYUKYU ISLANDS, JAPAN	  11744257
12-SEP-2023 08:56:06	28.21	130.04	4.5	25	RYUKYU ISLANDS, JAPAN	  11746694
12-SEP-2023 07:35:09	-5.38	151.86	4.5	57	NEW BRITAIN REGION, P.N.G.	  11746705
12-SEP-2023 05:23:16	54.98	-156.38	4.7	5	SOUTH OF ALASKA	  11744228
12-SEP-2023 04:58:37	-20.66	-68.48	5.3	108	CHILE-BOLIVIA BORDER REGION	  11744225
12-SEP-2023 02:40:51	15.14	-93.40	5.1	64	NEAR COAST OF CHIAPAS, MEXICO	  11744208
12-SEP-2023 01:38:54	-22.31	169.69	5.0	10	SOUTHEAST OF LOYALTY ISLANDS	  11744199
12-SEP-2023 01:18:54	-10.17	161.39	5.1	92	SOLOMON ISLANDS	  11744193
12-SEP-2023 01:00:37	46.02	152.14	4.7	35	KURIL ISLANDS	  11744191
12-SEP-2023 01:00:05	35.32	141.34	4.6	35	NEAR EAST COAST OF HONSHU, JAPAN	  11744189
12-SEP-2023 00:25:38	31.02	-8.45	4.0	10	MOROCCO	  11744291
11-SEP-2023 22:51:06	55.47	166.47	5.3	11	KOMANDORSKIYE OSTROVA REGION	  11744154
11-SEP-2023 22:09:27	5.62	94.90	4.6	96	NORTHERN SUMATRA, INDONESIA	  11744103
11-SEP-2023 21:40:22	-20.81	-65.27	4.1	331	SOUTHERN BOLIVIA	  11744090
11-SEP-2023 20:04:08	-53.99	140.20	4.4	10	WEST OF MACQUARIE ISLAND	  11746361
11-SEP-2023 19:46:28	-15.26	-175.09	4.0	289	TONGA ISLANDS	  11746358
11-SEP-2023 19:26:10	-21.09	-178.59	4.1	524	FIJI ISLANDS REGION	  11746354
11-SEP-2023 18:30:08	24.53	127.82	4.5	10	SOUTHEAST OF RYUKYU ISLANDS	  11744000
11-SEP-2023 18:23:36	2.02	98.99	4.0	137	NORTHERN SUMATRA, INDONESIA	  11746332
11-SEP-2023 17:31:59	24.39	94.79	4.9	96	MYANMAR-INDIA BORDER REGION	  11743952
11-SEP-2023 17:30:11	19.16	121.16	4.9	36	PHILIPPINE ISLANDS REGION	  11745663
11-SEP-2023 16:46:11	29.29	129.49	4.9	10	RYUKYU ISLANDS, JAPAN	  11743937
11-SEP-2023 14:57:51	38.63	142.76	4.1	65	NEAR EAST COAST OF HONSHU, JAPAN	  11747228
11-SEP-2023 14:17:01	31.24	130.27	4.3	160	KYUSHU, JAPAN	  11747197
11-SEP-2023 13:37:08	-27.17	-71.18	5.5	21	NEAR COAST OF NORTHERN CHILE	  11743893
11-SEP-2023 12:51:33	1.13	127.50	6.0	151	HALMAHERA, INDONESIA	  11743873
11-SEP-2023 10:56:11	-8.16	158.44	4.7	90	SOLOMON ISLANDS	  11743836
11-SEP-2023 10:03:28	-22.72	-174.98	4.7	10	TONGA ISLANDS REGION	  11746680
11-SEP-2023 09:20:56	0.75	-26.09	5.9	10	CENTRAL MID-ATLANTIC RIDGE	  11743825
11-SEP-2023 08:23:40	-5.10	144.65	4.5	80	NEW GUINEA, PAPUA NEW GUINEA	  11743883
11-SEP-2023 08:01:53	43.56	45.15	4.3	10	EASTERN CAUCASUS	  11743933
11-SEP-2023 06:14:21	-3.04	139.71	4.9	74	IRIAN JAYA, INDONESIA	  11743806
11-SEP-2023 05:51:00	16.12	-94.06	4.1	74	OAXACA, MEXICO	  11743901
11-SEP-2023 05:14:00	-55.80	-27.18	5.1	35	SOUTH SANDWICH ISLANDS REGION	  11743791
11-SEP-2023 04:28:16	-29.30	-68.07	4.3	96	SAN JUAN PROVINCE, ARGENTINA	  11744543
11-SEP-2023 04:16:01	-17.99	-177.93	4.5	514	FIJI ISLANDS REGION	  11743783
11-SEP-2023 04:09:31	41.17	144.37	4.4	10	HOKKAIDO, JAPAN REGION	  11744535
11-SEP-2023 02:26:53	-32.12	-71.80	4.1	35	NEAR COAST OF CENTRAL CHILE	  11744223
11-SEP-2023 01:56:46	-32.11	-71.75	4.4	35	NEAR COAST OF CENTRAL CHILE	  11744227
11-SEP-2023 01:54:39	40.18	71.78	4.1	10	TAJIKISTAN	  11744214
10-SEP-2023 22:57:57	29.40	129.26	4.4	10	RYUKYU ISLANDS, JAPAN	  11743705
10-SEP-2023 22:36:53	-32.77	-179.36	4.6	83	SOUTH OF KERMADEC ISLANDS	  11743713
10-SEP-2023 21:58:14	-5.94	130.73	4.4	116	BANDA SEA	  11743699
10-SEP-2023 21:46:46	-6.67	125.05	4.5	10	BANDA SEA	  11743696
10-SEP-2023 21:43:49	35.06	44.71	4.7	10	IRAQ	  11743691
10-SEP-2023 20:21:45	13.20	-90.83	4.1	46	NEAR COAST OF GUATEMALA	  11746478
10-SEP-2023 20:17:28	-3.61	140.11	4.3	46	IRIAN JAYA, INDONESIA	  11746473
10-SEP-2023 19:53:15	37.47	134.57	4.0	390	SEA OF JAPAN	  11743670
10-SEP-2023 19:44:27	4.82	126.14	4.3	10	TALAUD ISLANDS, INDONESIA	  11746383
10-SEP-2023 18:55:13	-31.31	-68.76	4.6	112	SAN JUAN PROVINCE, ARGENTINA	  11743658
10-SEP-2023 18:03:10	-49.95	-7.77	4.6	10	SOUTHERN MID-ATLANTIC RIDGE	  11746144
10-SEP-2023 18:03:04	-58.63	-28.79	4.2	10	SOUTH SANDWICH ISLANDS REGION	  11746148
10-SEP-2023 17:58:28	31.10	131.50	4.6	44	KYUSHU, JAPAN	  11743638
10-SEP-2023 16:30:21	-32.62	-177.56	4.7	32	SOUTH OF KERMADEC ISLANDS	  11743623
10-SEP-2023 15:56:37	-2.60	139.96	4.2	10	NEAR NORTH COAST OF IRIAN JAYA	  11748313
10-SEP-2023 15:30:29	-2.86	128.75	4.4	46	CERAM SEA	  11748310
10-SEP-2023 15:03:16	-28.70	-177.23	5.3	39	KERMADEC ISLANDS REGION	  11743614
10-SEP-2023 15:01:59	29.25	129.44	5.3	10	RYUKYU ISLANDS, JAPAN	  11743616
10-SEP-2023 14:36:45	-32.94	-179.03	4.4	36	SOUTH OF KERMADEC ISLANDS	  11748012
10-SEP-2023 14:00:10	-20.02	-177.91	4.1	560	FIJI ISLANDS REGION	  11748007
10-SEP-2023 13:26:37	-4.45	153.73	4.3	173	NEW IRELAND REGION, P.N.G.	  11748001
10-SEP-2023 13:03:55	54.33	-160.95	4.9	10	ALASKA PENINSULA	  11743588
10-SEP-2023 12:52:46	-17.54	-175.09	4.2	260	TONGA ISLANDS	  11743590
10-SEP-2023 11:34:32	10.77	-62.41	4.6	82	NEAR COAST OF VENEZUELA	  11743580
10-SEP-2023 11:08:13	-21.56	-68.41	4.2	131	CHILE-BOLIVIA BORDER REGION	  11743579
10-SEP-2023 10:21:01	1.62	127.01	4.9	116	HALMAHERA, INDONESIA	  11743576
10-SEP-2023 09:55:07	-27.95	-66.58	4.6	161	CATAMARCA PROVINCE, ARGENTINA	  11743571
10-SEP-2023 08:00:00	31.05	-8.46	4.2	10	MOROCCO	  11743565
10-SEP-2023 07:46:02	2.02	-102.10	4.6	10	GALAPAGOS TRIPLE JUNCTION REGION	  11743562
10-SEP-2023 07:38:15	-30.04	-71.31	4.4	63	NEAR COAST OF CENTRAL CHILE	  11743525
10-SEP-2023 07:13:05	2.46	127.01	4.5	71	NORTHERN MOLUCCA SEA	  11743566
10-SEP-2023 05:42:40	2.34	127.52	4.9	85	NORTHERN MOLUCCA SEA	  11743515
10-SEP-2023 05:28:33	29.32	129.33	4.8	11	RYUKYU ISLANDS, JAPAN	  11743511
10-SEP-2023 04:41:33	-5.46	147.00	4.9	201	EASTERN NEW GUINEA REG., P.N.G.	  11743495
10-SEP-2023 04:01:10	30.30	94.82	4.4	10	XIZANG	  11743489
10-SEP-2023 00:41:15	17.44	145.76	4.6	10	MARIANA ISLANDS	  11743461
10-SEP-2023 00:10:54	30.37	94.76	4.5	35	XIZANG	  11743449
09-SEP-2023 23:40:57	1.94	-102.15	4.5	10	GALAPAGOS TRIPLE JUNCTION REGION	  11745254
09-SEP-2023 22:56:58	26.45	140.53	4.0	452	BONIN ISLANDS, JAPAN REGION	  11745667
09-SEP-2023 21:57:49	-15.13	-177.39	4.5	378	FIJI ISLANDS REGION	  11745343
09-SEP-2023 20:03:14	-33.95	-71.31	4.0	49	NEAR COAST OF CENTRAL CHILE	  11743391
09-SEP-2023 19:23:49	-2.38	139.23	4.1	30	NEAR NORTH COAST OF IRIAN JAYA	  11746040
09-SEP-2023 19:07:47	-29.79	-176.34	4.6	10	KERMADEC ISLANDS REGION	  11746038
09-SEP-2023 18:21:29	-1.38	26.67	4.6	10	DEMOCRATIC REPUBLIC OF CONGO	  11743367
09-SEP-2023 18:06:17	-21.05	-178.67	4.5	555	FIJI ISLANDS REGION	  11743360
09-SEP-2023 18:06:00	51.60	177.80	4.8	77	RAT ISLANDS, ALEUTIAN ISLANDS	  11743358
09-SEP-2023 17:30:59	1.58	99.70	4.6	173	NORTHERN SUMATRA, INDONESIA	  11743356
09-SEP-2023 16:37:35	-24.44	-176.27	4.6	27	SOUTH OF FIJI ISLANDS	  11743351
09-SEP-2023 14:43:24	0.00	119.77	6.0	10	MINAHASSA PENINSULA, SULAWESI	  11743323
09-SEP-2023 13:57:57	16.09	-96.55	4.5	39	OAXACA, MEXICO	  11743347
09-SEP-2023 13:24:37	-6.66	129.87	4.1	168	BANDA SEA	  11745950
09-SEP-2023 13:07:11	-25.94	70.81	4.3	10	MID-INDIAN RIDGE	  11745952
09-SEP-2023 12:24:22	16.38	-95.77	4.2	21	OAXACA, MEXICO	  11743303
09-SEP-2023 12:24:20	-33.66	-178.90	4.6	35	SOUTH OF KERMADEC ISLANDS	  11748557
09-SEP-2023 11:52:06	-24.87	-175.28	4.8	10	SOUTH OF TONGA ISLANDS	  11743298
09-SEP-2023 10:18:30	24.65	92.79	4.8	46	INDIA-BANGLADESH BORDER REGION	  11743290
09-SEP-2023 09:51:52	-16.20	-74.90	4.3	10	NEAR COAST OF PERU	  11743286
09-SEP-2023 09:31:05	8.49	-82.91	4.5	15	PANAMA-COSTA RICA BORDER REGION	  11743278
09-SEP-2023 09:28:28	29.38	129.17	4.7	10	RYUKYU ISLANDS, JAPAN	  11743274
09-SEP-2023 08:41:33	-5.68	148.73	4.3	134	NEW BRITAIN REGION, P.N.G.	  11749184
09-SEP-2023 08:32:11	-21.17	-69.55	4.0	88	NORTHERN CHILE	  11749182
09-SEP-2023 08:28:34	2.07	-101.74	4.6	10	GALAPAGOS TRIPLE JUNCTION REGION	  11743259
09-SEP-2023 08:20:04	2.15	-101.98	4.7	10	GALAPAGOS TRIPLE JUNCTION REGION	  11743257
09-SEP-2023 08:14:06	-32.37	-69.97	4.2	116	MENDOZA PROVINCE, ARGENTINA	  11743261
09-SEP-2023 05:12:22	8.44	-82.96	4.5	10	PANAMA-COSTA RICA BORDER REGION	  11743226
09-SEP-2023 05:02:50	-7.38	128.52	4.7	151	BANDA SEA	  11743224
09-SEP-2023 04:46:31	29.37	129.26	4.5	10	RYUKYU ISLANDS, JAPAN	  11745270
09-SEP-2023 04:05:58	8.60	-83.03	4.5	3	COSTA RICA	  11743225
09-SEP-2023 03:49:22	-6.12	130.19	4.5	117	BANDA SEA	  11743218
09-SEP-2023 03:09:49	-4.74	-105.53	5.8	10	CENTRAL EAST PACIFIC RISE	  11743203
09-SEP-2023 03:03:36	29.35	129.34	4.6	10	RYUKYU ISLANDS, JAPAN	  11743206
09-SEP-2023 02:59:19	-24.02	-179.97	4.2	517	SOUTH OF FIJI ISLANDS	  11745251
09-SEP-2023 02:49:05	14.11	144.93	4.5	160	MARIANA ISLANDS	  11745248
09-SEP-2023 02:40:12	29.23	129.62	4.5	12	RYUKYU ISLANDS, JAPAN	  11743201
09-SEP-2023 02:38:47	-32.67	-177.68	4.9	10	SOUTH OF KERMADEC ISLANDS	  11743197
09-SEP-2023 02:12:04	-14.89	170.47	4.4	630	VANUATU ISLANDS REGION	  11745238
09-SEP-2023 00:45:43	-18.89	168.92	5.0	164	VANUATU ISLANDS	  11743169
09-SEP-2023 00:44:01	29.37	129.26	4.3	10	RYUKYU ISLANDS, JAPAN	  11745991
09-SEP-2023 00:06:14	-6.83	116.56	5.6	513	BALI SEA	  11743142
08-SEP-2023 23:17:28	-18.15	168.47	4.3	114	VANUATU ISLANDS	  11746023
08-SEP-2023 22:57:04	1.45	127.03	4.4	122	HALMAHERA, INDONESIA	  11745988
08-SEP-2023 22:50:02	4.19	126.19	4.5	115	TALAUD ISLANDS, INDONESIA	  11745990
08-SEP-2023 22:47:02	29.33	129.28	4.9	10	RYUKYU ISLANDS, JAPAN	  11743171
08-SEP-2023 22:39:57	-32.70	-178.34	4.3	10	SOUTH OF KERMADEC ISLANDS	  11745823
08-SEP-2023 22:30:44	31.04	-8.35	4.9	10	MOROCCO	  11743105
08-SEP-2023 22:11:01	31.05	-8.39	6.8	19	MOROCCO	  11743100
08-SEP-2023 22:09:49	25.09	124.79	4.7	76	NORTHEAST OF TAIWAN	  11743133
08-SEP-2023 21:57:36	-20.67	-178.47	4.2	525	FIJI ISLANDS REGION	  11746026
08-SEP-2023 20:55:02	41.06	83.76	4.6	13	SOUTHERN XINJIANG, CHINA	  11743346
08-SEP-2023 20:45:50	-1.67	-78.09	4.4	164	ECUADOR	  11743316
08-SEP-2023 20:32:00	-32.16	-13.81	5.0	10	SOUTHERN MID-ATLANTIC RIDGE	  11743028
08-SEP-2023 19:33:41	30.34	94.82	4.8	34	XIZANG	  11743027
08-SEP-2023 19:27:51	16.58	-99.92	4.5	10	NEAR COAST OF GUERRERO, MEXICO	  11743025
08-SEP-2023 18:23:12	29.17	129.44	4.4	11	RYUKYU ISLANDS, JAPAN	  11742968
08-SEP-2023 18:08:14	29.26	129.46	5.1	9	RYUKYU ISLANDS, JAPAN	  11742950
08-SEP-2023 17:28:52	29.15	129.61	5.0	20	RYUKYU ISLANDS, JAPAN	  11742879
08-SEP-2023 17:25:05	40.96	-121.57	4.7	12	NORTHERN CALIFORNIA	  11743031
08-SEP-2023 17:24:38	40.95	-121.56	5.1	16	NORTHERN CALIFORNIA	  11742866
08-SEP-2023 17:14:21	29.26	129.46	4.1	53	RYUKYU ISLANDS, JAPAN	  11742884
08-SEP-2023 16:37:15	19.45	-104.94	5.8	35	NEAR COAST OF JALISCO, MEXICO	  11742864
08-SEP-2023 16:34:49	-19.03	-175.56	5.2	217	TONGA ISLANDS	  11742863
08-SEP-2023 16:27:21	63.10	-150.40	4.5	105	CENTRAL ALASKA	  11742822
08-SEP-2023 15:53:17	19.38	-105.11	5.6	10	NEAR COAST OF JALISCO, MEXICO	  11742800
08-SEP-2023 15:23:59	29.25	129.63	4.6	10	RYUKYU ISLANDS, JAPAN	  11742802
08-SEP-2023 15:13:03	-7.93	-74.47	4.4	149	PERU-BRAZIL BORDER REGION	  11742974
08-SEP-2023 14:36:22	43.90	13.38	4.0	10	CENTRAL ITALY	  11743220
08-SEP-2023 14:26:11	-26.24	178.46	4.5	629	SOUTH OF FIJI ISLANDS	  11742787
08-SEP-2023 13:08:26	29.32	129.34	4.1	10	RYUKYU ISLANDS, JAPAN	  11746045
08-SEP-2023 12:41:12	13.25	49.94	4.3	10	EASTERN GULF OF ADEN	  11742763
08-SEP-2023 11:24:35	-16.05	-74.87	4.1	10	NEAR COAST OF PERU	  11746041
08-SEP-2023 10:54:49	19.10	145.87	5.2	147	MARIANA ISLANDS	  11742739
08-SEP-2023 09:28:50	38.96	142.10	5.5	54	NEAR EAST COAST OF HONSHU, JAPAN	  11742724
08-SEP-2023 09:09:58	-32.72	-179.31	6.6	90	SOUTH OF KERMADEC ISLANDS	  11742720
08-SEP-2023 07:37:46	11.28	57.55	4.6	10	OWEN FRACTURE ZONE REGION	  11749172
08-SEP-2023 06:14:53	-20.96	-178.72	4.3	561	FIJI ISLANDS REGION	  11742696
08-SEP-2023 05:21:45	-18.72	-67.97	4.4	185	CENTRAL BOLIVIA	  11742697
08-SEP-2023 04:35:32	21.62	142.83	4.2	355	MARIANA ISLANDS REGION	  11744923
08-SEP-2023 04:15:38	29.26	129.32	4.6	10	RYUKYU ISLANDS, JAPAN	  11744879
08-SEP-2023 04:05:07	29.34	129.35	4.3	10	RYUKYU ISLANDS, JAPAN	  11744869
08-SEP-2023 02:15:36	29.32	129.32	4.5	10	RYUKYU ISLANDS, JAPAN	  11742662
08-SEP-2023 02:11:32	-19.63	-177.52	4.1	547	FIJI ISLANDS REGION	  11744858
08-SEP-2023 01:06:12	36.06	25.03	4.2	10	DODECANESE ISLANDS, GREECE	  11742657
07-SEP-2023 23:27:03	-31.24	-177.72	4.7	10	KERMADEC ISLANDS REGION	  11742593
07-SEP-2023 23:22:08	2.25	-101.74	4.5	10	GALAPAGOS TRIPLE JUNCTION REGION	  11742600
07-SEP-2023 23:07:47	56.24	163.80	4.8	10	NEAR EAST COAST OF KAMCHATKA	  11742590
07-SEP-2023 23:02:17	56.22	163.91	4.8	10	NEAR EAST COAST OF KAMCHATKA	  11742582
07-SEP-2023 22:39:36	1.95	-101.77	4.4	10	GALAPAGOS TRIPLE JUNCTION REGION	  11746029
07-SEP-2023 19:55:19	29.26	129.41	4.2	10	RYUKYU ISLANDS, JAPAN	  11745446
07-SEP-2023 19:26:27	43.22	84.87	4.5	44	NORTHERN XINJIANG, CHINA	  11742511
07-SEP-2023 19:20:13	4.40	127.75	5.1	129	TALAUD ISLANDS, INDONESIA	  11742509
07-SEP-2023 18:04:00	36.55	71.51	4.1	115	AFGHANISTAN-TAJIKISTAN BORD REG.	  11742798
07-SEP-2023 17:50:27	29.19	129.53	4.3	12	RYUKYU ISLANDS, JAPAN	  11744729
07-SEP-2023 16:32:50	12.67	143.66	4.5	57	SOUTH OF MARIANA ISLANDS	  11742500
07-SEP-2023 16:27:27	55.14	165.99	4.5	10	KOMANDORSKIYE OSTROVA REGION	  11742497
07-SEP-2023 15:18:49	1.81	122.99	4.3	422	MINAHASSA PENINSULA, SULAWESI	  11742451
07-SEP-2023 13:57:35	-6.43	103.60	4.5	10	SOUTHWEST OF SUMATRA, INDONESIA	  11745955
07-SEP-2023 10:45:14	-30.30	-71.44	4.3	42	NEAR COAST OF CENTRAL CHILE	  11742403
07-SEP-2023 08:53:43	6.74	-73.02	4.2	162	NORTHERN COLOMBIA	  11742373
07-SEP-2023 08:48:46	-24.60	179.94	4.2	506	SOUTH OF FIJI ISLANDS	  11748520
07-SEP-2023 07:52:29	-24.05	-69.38	4.3	74	NORTHERN CHILE	  11742372
07-SEP-2023 05:40:08	-28.73	-68.51	4.7	99	LA RIOJA PROVINCE, ARGENTINA	  11742285
07-SEP-2023 05:09:22	-6.90	129.24	4.2	145	BANDA SEA	  11748555
07-SEP-2023 05:01:02	-55.37	-127.98	5.1	10	PACIFIC-ANTARCTIC RIDGE	  11742284
07-SEP-2023 04:59:22	22.46	94.13	4.3	87	MYANMAR	  11745266
07-SEP-2023 04:49:25	-55.44	-128.23	5.3	10	PACIFIC-ANTARCTIC RIDGE	  11742281
07-SEP-2023 04:03:07	-21.24	-70.21	4.3	38	NEAR COAST OF NORTHERN CHILE	  11742599
07-SEP-2023 03:14:09	-1.73	127.40	4.4	10	HALMAHERA, INDONESIA	  11745306
07-SEP-2023 02:50:46	-55.64	-123.49	4.7	10	SOUTHERN EAST PACIFIC RISE	  11745314
06-SEP-2023 23:53:14	-6.75	129.55	4.7	151	BANDA SEA	  11742178
06-SEP-2023 23:48:05	-30.28	-71.54	6.2	41	NEAR COAST OF CENTRAL CHILE	  11742172
06-SEP-2023 23:11:31	-17.93	-178.52	4.3	581	FIJI ISLANDS REGION	  11742134
06-SEP-2023 21:57:25	-13.52	166.82	4.1	105	VANUATU ISLANDS	  11744599
06-SEP-2023 21:46:10	38.49	144.50	4.2	10	OFF EAST COAST OF HONSHU, JAPAN	  11744607
06-SEP-2023 21:23:24	-6.63	129.76	4.0	149	BANDA SEA	  11744609
06-SEP-2023 18:55:25	19.06	145.98	4.4	121	MARIANA ISLANDS	  11744492
06-SEP-2023 17:03:45	-19.97	-173.19	4.8	10	TONGA ISLANDS	  11741959
06-SEP-2023 15:52:16	41.51	130.09	4.9	650	NORTH KOREA	  11741838
06-SEP-2023 15:12:06	5.51	123.85	4.1	536	MINDANAO, PHILIPPINES	  11745322
06-SEP-2023 13:35:06	-6.90	116.50	4.5	509	BALI SEA	  11742995
06-SEP-2023 12:11:31	55.26	161.96	4.1	60	NEAR EAST COAST OF KAMCHATKA	  11747417
06-SEP-2023 11:11:47	-16.95	-172.20	4.9	10	SAMOA ISLANDS REGION	  11741784
06-SEP-2023 07:51:57	7.05	125.57	4.9	11	MINDANAO, PHILIPPINES	  11741754
06-SEP-2023 06:53:39	13.00	120.44	4.9	10	MINDORO, PHILIPPINES	  11741746
06-SEP-2023 03:57:35	-5.60	151.46	4.3	35	NEW BRITAIN REGION, P.N.G.	  11748769
06-SEP-2023 03:53:17	-27.12	-71.13	4.3	35	NEAR COAST OF NORTHERN CHILE	  11742607
06-SEP-2023 03:41:06	46.18	152.75	4.2	10	KURIL ISLANDS	  11748746
06-SEP-2023 03:21:18	40.52	142.68	4.5	10	NEAR EAST COAST OF HONSHU, JAPAN	  11748733
06-SEP-2023 03:05:33	37.53	72.25	4.0	178	TAJIKISTAN	  11742564
06-SEP-2023 02:28:12	1.23	121.81	4.2	35	MINAHASSA PENINSULA, SULAWESI	  11748712
06-SEP-2023 02:27:24	-19.20	-177.35	4.1	554	FIJI ISLANDS REGION	  11748696
06-SEP-2023 02:09:18	-20.28	-69.10	4.3	110	NORTHERN CHILE	  11742261
06-SEP-2023 01:30:50	-6.52	104.42	4.8	35	SUNDA STRAIT, INDONESIA	  11741668
06-SEP-2023 00:07:08	2.68	127.04	4.9	49	NORTHERN MOLUCCA SEA	  11741647
05-SEP-2023 18:02:04	36.51	70.43	4.6	202	HINDU KUSH REGION, AFGHANISTAN	  11741941
05-SEP-2023 17:50:20	-4.95	-11.58	5.0	10	NORTH OF ASCENSION ISLAND	  11741535
05-SEP-2023 16:26:01	51.55	16.09	4.1	5	POLAND	  11741474
05-SEP-2023 15:42:20	-5.43	34.93	5.1	10	TANZANIA	  11741454
05-SEP-2023 15:03:16	-5.31	142.88	5.8	49	NEW GUINEA, PAPUA NEW GUINEA	  11741436
05-SEP-2023 14:58:03	2.57	95.85	5.1	24	OFF W COAST OF NORTHERN SUMATRA	  11741441
05-SEP-2023 14:35:53	-8.54	108.87	4.2	66	JAVA, INDONESIA	  11741448
05-SEP-2023 14:30:54	-24.84	-69.04	4.0	92	NORTHERN CHILE	  11741443
05-SEP-2023 12:09:35	36.10	69.69	4.3	114	HINDU KUSH REGION, AFGHANISTAN	  11743029
05-SEP-2023 09:30:41	23.55	120.32	4.9	12	TAIWAN	  11741346
05-SEP-2023 08:38:50	-4.32	102.17	4.9	53	SOUTHERN SUMATRA, INDONESIA	  11741342
05-SEP-2023 07:52:59	36.71	141.69	4.5	37	NEAR EAST COAST OF HONSHU, JAPAN	  11741335
05-SEP-2023 07:22:06	23.04	124.47	4.8	10	SOUTHWESTERN RYUKYU ISL., JAPAN	  11741330
05-SEP-2023 04:33:04	35.66	140.16	4.5	67	NEAR EAST COAST OF HONSHU, JAPAN	  11748387
05-SEP-2023 04:30:28	-4.73	131.05	4.6	42	BANDA SEA	  11741304
05-SEP-2023 04:27:16	35.71	140.16	4.9	66	NEAR EAST COAST OF HONSHU, JAPAN	  11741297
05-SEP-2023 04:12:28	5.64	126.54	4.7	81	MINDANAO, PHILIPPINES	  11741300
05-SEP-2023 04:11:32	-29.86	-179.19	4.9	317	KERMADEC ISLANDS REGION	  11741298
05-SEP-2023 03:13:50	22.25	120.97	4.5	10	TAIWAN	  11741279
05-SEP-2023 02:59:45	-6.48	129.72	4.1	140	BANDA SEA	  11748376
05-SEP-2023 02:44:11	35.47	140.48	4.0	40	NEAR EAST COAST OF HONSHU, JAPAN	  11748375
05-SEP-2023 01:29:07	2.14	128.41	4.3	238	HALMAHERA, INDONESIA	  11748359
05-SEP-2023 01:16:07	-23.89	175.42	4.7	14	SOUTH OF FIJI ISLANDS	  11748347
05-SEP-2023 01:09:46	39.55	143.12	4.4	35	OFF EAST COAST OF HONSHU, JAPAN	  11747802
05-SEP-2023 00:55:24	-23.94	175.47	5.7	12	SOUTH OF FIJI ISLANDS	  11741237
05-SEP-2023 00:54:30	-4.73	141.31	4.9	11	NEW GUINEA, PAPUA NEW GUINEA	  11741241
05-SEP-2023 00:40:46	-27.27	-71.14	4.3	35	NEAR COAST OF NORTHERN CHILE	  11741233
05-SEP-2023 00:19:06	-2.24	99.97	4.1	35	SOUTHERN SUMATRA, INDONESIA	  11744612
04-SEP-2023 23:16:57	-56.15	-143.62	4.8	10	PACIFIC-ANTARCTIC RIDGE	  11741662
04-SEP-2023 23:13:33	-27.28	-71.13	4.5	27	NEAR COAST OF NORTHERN CHILE	  11741202
04-SEP-2023 22:45:39	-24.16	-66.98	4.4	181	SALTA PROVINCE, ARGENTINA	  11741188
04-SEP-2023 21:12:40	37.05	141.75	4.4	35	NEAR EAST COAST OF HONSHU, JAPAN	  11741139
04-SEP-2023 20:14:16	-65.90	-175.83	4.4	10	PACIFIC-ANTARCTIC RIDGE	  11744467
04-SEP-2023 19:57:32	27.95	52.12	4.3	10	SOUTHERN IRAN	  11741477
04-SEP-2023 17:46:22	-27.17	-71.18	4.4	28	NEAR COAST OF NORTHERN CHILE	  11741094
04-SEP-2023 14:47:29	-2.37	-12.37	5.1	10	NORTH OF ASCENSION ISLAND	  11741058
04-SEP-2023 14:11:17	-2.23	-12.42	4.7	10	NORTH OF ASCENSION ISLAND	  11744360
04-SEP-2023 13:56:55	22.28	119.86	4.6	12	TAIWAN REGION	  11744306
04-SEP-2023 13:52:16	-47.29	-12.59	5.0	10	SOUTHERN MID-ATLANTIC RIDGE	  11741050
04-SEP-2023 12:07:16	-2.47	139.91	4.3	25	NEAR NORTH COAST OF IRIAN JAYA	  11743510
04-SEP-2023 11:48:03	41.41	83.74	4.3	10	SOUTHERN XINJIANG, CHINA	  11741034
04-SEP-2023 11:44:10	12.43	-87.13	4.1	118	NEAR COAST OF NICARAGUA	  11743507
04-SEP-2023 09:11:16	2.18	127.26	5.0	103	NORTHERN MOLUCCA SEA	  11741018
04-SEP-2023 08:18:27	54.39	160.27	4.4	103	NEAR EAST COAST OF KAMCHATKA	  11741757
04-SEP-2023 08:08:55	-5.39	101.98	4.5	29	SOUTHWEST OF SUMATRA, INDONESIA	  11741753
04-SEP-2023 07:08:12	37.22	71.74	4.4	136	AFGHANISTAN-TAJIKISTAN BORD REG.	  11741005
04-SEP-2023 06:01:41	-31.79	-71.49	4.2	46	NEAR COAST OF CENTRAL CHILE	  11743060
04-SEP-2023 05:26:08	37.92	27.07	4.8	10	TURKEY	  11740993
04-SEP-2023 04:57:03	-4.48	145.05	4.3	10	NEAR N COAST OF NEW GUINEA, PNG.	  11746602
04-SEP-2023 04:50:21	-3.54	101.59	4.3	78	SOUTHERN SUMATRA, INDONESIA	  11746572
04-SEP-2023 04:20:08	-15.84	-177.46	4.3	426	FIJI ISLANDS REGION	  11740936
04-SEP-2023 03:54:09	37.38	141.42	4.3	41	NEAR EAST COAST OF HONSHU, JAPAN	  11741611
04-SEP-2023 03:44:59	-17.53	-178.85	4.1	543	FIJI ISLANDS REGION	  11746242
04-SEP-2023 03:36:42	-1.24	-15.49	4.9	10	NORTH OF ASCENSION ISLAND	  11746236
04-SEP-2023 03:35:09	-27.18	-71.04	4.2	35	NEAR COAST OF NORTHERN CHILE	  11741592
04-SEP-2023 02:53:20	39.56	82.82	4.2	10	SOUTHERN XINJIANG, CHINA	  11740951
04-SEP-2023 02:27:14	-17.97	-177.99	4.2	597	FIJI ISLANDS REGION	  11746207
04-SEP-2023 01:38:49	36.38	70.97	4.3	107	HINDU KUSH REGION, AFGHANISTAN	  11740910
04-SEP-2023 01:24:47	-5.02	151.53	4.4	97	NEW BRITAIN REGION, P.N.G.	  11746202
04-SEP-2023 01:22:08	10.84	-62.39	4.4	94	NEAR COAST OF VENEZUELA	  11740906
04-SEP-2023 01:13:52	42.71	146.56	4.3	27	OFF COAST OF HOKKAIDO, JAPAN	  11746186
03-SEP-2023 23:57:54	-5.18	150.17	4.6	260	NEW BRITAIN REGION, P.N.G.	  11740897
03-SEP-2023 23:21:05	-23.69	-179.95	4.5	514	SOUTH OF FIJI ISLANDS	  11740893
03-SEP-2023 21:43:45	36.65	71.53	4.1	103	AFGHANISTAN-TAJIKISTAN BORD REG.	  11740886
03-SEP-2023 21:29:58	6.83	147.97	5.5	10	E. CAROLINE ISLANDS, MICRONESIA	  11740883
03-SEP-2023 20:37:31	18.85	145.79	4.0	261	MARIANA ISLANDS	  11744024
03-SEP-2023 18:15:09	4.92	125.66	4.7	109	TALAUD ISLANDS, INDONESIA	  11740867
03-SEP-2023 17:44:29	72.93	5.26	4.4	10	NORWEGIAN SEA	  11740857
03-SEP-2023 16:35:57	40.31	48.23	4.9	68	EASTERN CAUCASUS	  11740836
03-SEP-2023 16:16:19	-9.26	121.92	4.4	81	SAVU SEA	  11740842
03-SEP-2023 16:14:57	-19.39	-177.54	4.3	532	FIJI ISLANDS REGION	  11740829
03-SEP-2023 12:32:05	-24.07	-66.82	4.4	192	SALTA PROVINCE, ARGENTINA	  11740788
03-SEP-2023 10:28:56	-5.33	153.76	5.1	55	NEW IRELAND REGION, P.N.G.	  11740772
03-SEP-2023 10:22:26	-59.87	-26.25	4.6	35	SOUTH SANDWICH ISLANDS REGION	  11743516
03-SEP-2023 09:59:03	9.22	93.89	4.7	10	NICOBAR ISLANDS, INDIA REGION	  11740770
03-SEP-2023 08:38:44	-39.96	-16.82	4.4	10	SOUTHERN MID-ATLANTIC RIDGE	  11748280
03-SEP-2023 07:49:43	18.94	-64.52	4.28	4	VIRGIN ISLANDS	  11740742
03-SEP-2023 06:28:03	55.52	162.37	4.4	35	NEAR EAST COAST OF KAMCHATKA	  11740743
03-SEP-2023 06:21:20	-59.24	-25.55	4.8	34	SOUTH SANDWICH ISLANDS REGION	  11740738
03-SEP-2023 05:03:29	-36.83	179.22	4.1	35	OFF E. COAST OF N. ISLAND, N.Z.	  11748220
03-SEP-2023 04:28:44	41.13	142.83	4.2	47	HOKKAIDO, JAPAN REGION	  11741128
03-SEP-2023 03:51:54	-17.21	-172.44	5.0	10	TONGA ISLANDS REGION	  11743093
03-SEP-2023 03:18:59	13.84	144.90	4.3	140	MARIANA ISLANDS	  11743089
03-SEP-2023 02:22:22	64.64	-17.80	4.2	10	ICELAND	  11740683
03-SEP-2023 00:12:06	-19.69	-173.67	4.5	45	TONGA ISLANDS	  11743395
02-SEP-2023 22:34:38	36.44	71.08	4.0	244	AFGHANISTAN-TAJIKISTAN BORD REG.	  11740638
02-SEP-2023 20:34:38	-24.42	-178.85	4.5	396	SOUTH OF FIJI ISLANDS	  11740625
02-SEP-2023 20:28:19	-21.51	-66.74	4.4	212	SOUTHERN BOLIVIA	  11740620
02-SEP-2023 20:03:08	-3.17	137.89	4.3	58	IRIAN JAYA, INDONESIA	  11740616
02-SEP-2023 19:05:47	-19.26	-177.91	4.3	597	FIJI ISLANDS REGION	  11743448
02-SEP-2023 18:58:53	5.20	123.42	4.3	572	MINDANAO, PHILIPPINES	  11749876
02-SEP-2023 15:33:02	51.84	135.23	4.3	10	SOUTHEASTERN SIBERIA, RUSSIA	  11740548
02-SEP-2023 15:03:05	43.05	144.25	4.6	100	HOKKAIDO, JAPAN REGION	  11740546
02-SEP-2023 14:40:30	-32.49	-178.84	4.4	29	SOUTH OF KERMADEC ISLANDS	  11743388
02-SEP-2023 14:30:40	28.06	57.52	4.4	57	SOUTHERN IRAN	  11740545
02-SEP-2023 14:26:09	-25.51	179.73	4.7	466	SOUTH OF FIJI ISLANDS	  11740535
02-SEP-2023 14:11:13	-15.50	-75.01	4.9	40	NEAR COAST OF PERU	  11740539
02-SEP-2023 11:24:59	-2.71	102.09	4.1	151	SOUTHERN SUMATRA, INDONESIA	  11747867
02-SEP-2023 11:11:01	-8.21	-74.23	5.3	151	PERU-BRAZIL BORDER REGION	  11740502
02-SEP-2023 10:38:43	-7.22	129.51	4.1	118	BANDA SEA	  11740499
02-SEP-2023 10:34:11	-5.60	150.76	4.0	92	NEW BRITAIN REGION, P.N.G.	  11747852
02-SEP-2023 09:00:37	-8.35	-74.26	4.3	171	PERU-BRAZIL BORDER REGION	  11747827
02-SEP-2023 08:20:04	-23.55	-179.65	4.1	521	SOUTH OF FIJI ISLANDS	  11744626
02-SEP-2023 07:27:05	-6.50	128.21	4.3	379	BANDA SEA	  11740503
02-SEP-2023 07:13:58	-24.31	179.96	4.2	498	SOUTH OF FIJI ISLANDS	  11744621
02-SEP-2023 06:56:57	-9.86	160.38	4.9	10	SOLOMON ISLANDS	  11740464
02-SEP-2023 06:17:53	40.25	20.57	4.5	10	GREECE-ALBANIA BORDER REGION	  11740458
02-SEP-2023 02:08:40	-6.15	147.56	4.6	68	EASTERN NEW GUINEA REG., P.N.G.	  11740388
02-SEP-2023 01:55:09	26.71	54.25	4.8	16	SOUTHERN IRAN	  11740390
01-SEP-2023 23:01:39	14.90	-60.52	4.4	54	WINDWARD ISLANDS	  11740319
01-SEP-2023 22:44:43	-5.58	150.92	4.6	83	NEW BRITAIN REGION, P.N.G.	  11743215
01-SEP-2023 21:10:51	4.04	128.05	4.2	79	NORTH OF HALMAHERA, INDONESIA	  11743221
01-SEP-2023 20:49:55	50.70	156.28	6.1	142	KURIL ISLANDS	  11740292
01-SEP-2023 19:09:00	-4.42	143.84	5.3	118	NEW GUINEA, PAPUA NEW GUINEA	  11740261
01-SEP-2023 18:25:38	0.76	95.83	4.8	19	OFF W COAST OF NORTHERN SUMATRA	  11740251
01-SEP-2023 15:05:57	-18.12	168.14	4.8	35	VANUATU ISLANDS	  11740155
01-SEP-2023 14:22:51	-1.52	126.33	4.1	12	SOUTHERN MOLUCCA SEA	  11742708
01-SEP-2023 12:32:46	-60.55	-33.87	4.5	10	SCOTIA SEA	  11742707
01-SEP-2023 12:02:34	45.39	148.39	4.7	140	KURIL ISLANDS	  11740126
01-SEP-2023 10:44:20	-23.44	-177.21	4.0	245	SOUTH OF FIJI ISLANDS	  11750066
01-SEP-2023 10:22:57	-23.60	-64.51	4.4	10	JUJUY PROVINCE, ARGENTINA	  11740137
01-SEP-2023 10:01:33	-58.78	-25.31	5.1	35	SOUTH SANDWICH ISLANDS REGION	  11740110
01-SEP-2023 08:56:25	39.55	143.39	4.4	23	OFF EAST COAST OF HONSHU, JAPAN	  11740129
01-SEP-2023 08:26:35	-15.59	-174.53	4.4	207	TONGA ISLANDS	  11740127
01-SEP-2023 07:56:41	-32.75	-70.42	4.6	97	CHILE-ARGENTINA BORDER REGION	  11740124
01-SEP-2023 06:31:20	39.36	143.16	4.1	31	OFF EAST COAST OF HONSHU, JAPAN	  11744283
01-SEP-2023 05:53:17	4.89	127.50	4.3	126	TALAUD ISLANDS, INDONESIA	  11744279
01-SEP-2023 05:27:51	9.41	93.86	4.2	10	NICOBAR ISLANDS, INDIA REGION	  11744277
01-SEP-2023 02:19:07	5.18	-76.67	4.9	10	COLOMBIA	  11740058
01-SEP-2023 01:16:13	-18.30	-178.17	4.4	519	FIJI ISLANDS REGION	  11740049
31-AUG-2023 21:43:25	-55.91	-26.66	4.1	35	SOUTH SANDWICH ISLANDS REGION	  11743024
31-AUG-2023 20:00:43	-22.00	-67.22	4.2	186	CHILE-BOLIVIA BORDER REGION	  11741461
31-AUG-2023 19:56:19	73.83	8.56	4.4	10	GREENLAND SEA	  11739971
31-AUG-2023 19:33:42	-9.82	160.21	5.1	23	SOLOMON ISLANDS	  11739915
31-AUG-2023 19:18:37	-20.07	-175.44	4.8	150	TONGA ISLANDS	  11739909
31-AUG-2023 18:45:19	38.09	73.08	4.8	57	TAJIKISTAN-XINJIANG BORDER REG.	  11739902
31-AUG-2023 18:33:56	-6.03	129.00	4.4	248	BANDA SEA	  11739897
31-AUG-2023 16:53:10	34.72	69.59	4.6	7	SOUTHEASTERN AFGHANISTAN	  11739890
31-AUG-2023 16:20:53	-8.38	127.19	4.2	37	TIMOR REGION	  11749764
31-AUG-2023 15:19:14	49.92	155.98	4.4	85	KURIL ISLANDS	  11739884
31-AUG-2023 14:58:46	-17.65	-178.76	4.4	553	FIJI ISLANDS REGION	  11739815
31-AUG-2023 10:29:29	-9.53	123.86	5.4	55	TIMOR REGION	  11739761
31-AUG-2023 09:38:11	-1.47	-77.67	4.6	186	ECUADOR	  11739750
31-AUG-2023 09:27:43	-13.36	17.11	4.3	10	ANGOLA	  11742330
31-AUG-2023 08:54:42	34.65	81.82	4.5	10	XIZANG	  11739741
31-AUG-2023 07:13:25	51.27	-178.53	4.7	49	ANDREANOF ISLANDS, ALEUTIAN IS.	  11739719
31-AUG-2023 07:13:23	51.16	-178.49	4.7	26	ANDREANOF ISLANDS, ALEUTIAN IS.	  11744642
31-AUG-2023 06:29:07	-22.06	-179.54	4.6	564	SOUTH OF FIJI ISLANDS	  11739714
31-AUG-2023 02:44:36	-28.01	-13.30	4.9	10	SOUTHERN MID-ATLANTIC RIDGE	  11739673
31-AUG-2023 01:46:18	36.64	71.17	4.4	211	AFGHANISTAN-TAJIKISTAN BORD REG.	  11739667
31-AUG-2023 00:46:54	-23.19	170.93	4.5	10	SOUTHEAST OF LOYALTY ISLANDS	  11744594
31-AUG-2023 00:20:51	-7.85	122.69	4.4	284	FLORES SEA	  11739649
30-AUG-2023 23:32:03	-19.83	-177.68	4.0	540	FIJI ISLANDS REGION	  11744574
30-AUG-2023 23:20:26	35.94	81.52	4.2	10	SOUTHERN XINJIANG, CHINA	  11744569
30-AUG-2023 23:11:56	13.87	144.75	4.4	155	MARIANA ISLANDS	  11744561
30-AUG-2023 23:03:14	30.33	131.36	4.3	30	KYUSHU, JAPAN	  11744559
30-AUG-2023 21:20:20	-10.83	164.46	5.0	10	SANTA CRUZ ISLANDS REGION	  11739488
30-AUG-2023 21:17:18	37.73	141.92	4.3	49	NEAR EAST COAST OF HONSHU, JAPAN	  11739485
30-AUG-2023 21:10:16	-30.18	-178.32	4.6	80	KERMADEC ISLANDS, NEW ZEALAND	  11744224
30-AUG-2023 20:27:53	54.76	-161.07	4.1	56	ALASKA PENINSULA	  11739651
30-AUG-2023 20:26:54	17.66	-101.21	4.4	42	NEAR COAST OF GUERRERO, MEXICO	  11741426
30-AUG-2023 18:59:24	54.82	-161.21	5.1	47	ALASKA PENINSULA	  11739417
30-AUG-2023 18:43:42	19.54	-65.67	4.17	92	PUERTO RICO REGION	  11739411
30-AUG-2023 17:58:51	67.46	-168.49	4.5	26	BERING STRAIT	  11739437
30-AUG-2023 14:36:26	-18.92	-174.75	4.4	124	TONGA ISLANDS	  11750064
30-AUG-2023 14:35:12	-29.46	-71.36	4.6	40	NEAR COAST OF CENTRAL CHILE	  11740141
30-AUG-2023 14:17:08	-29.45	-71.31	5.3	45	NEAR COAST OF CENTRAL CHILE	  11739262
30-AUG-2023 13:55:55	-14.74	167.98	5.3	9	VANUATU ISLANDS	  11739256
30-AUG-2023 13:54:39	-22.07	170.21	5.1	10	SOUTHEAST OF LOYALTY ISLANDS	  11739254
30-AUG-2023 13:15:01	-36.32	-72.54	4.6	53	NEAR COAST OF CENTRAL CHILE	  11739233
30-AUG-2023 12:52:47	-13.18	166.94	4.0	237	VANUATU ISLANDS	  11744276
30-AUG-2023 12:50:06	1.03	126.80	4.1	56	NORTHERN MOLUCCA SEA	  11744274
30-AUG-2023 12:17:15	-4.81	150.89	4.1	259	NEW BRITAIN REGION, P.N.G.	  11744273
30-AUG-2023 12:11:38	-22.22	-175.25	4.8	41	TONGA ISLANDS REGION	  11739697
30-AUG-2023 09:07:16	-32.75	-71.83	4.3	47	NEAR COAST OF CENTRAL CHILE	  11739198
30-AUG-2023 07:39:28	-22.50	-12.76	5.1	10	SOUTHERN MID-ATLANTIC RIDGE	  11742288
30-AUG-2023 07:32:59	43.93	-129.03	4.1	10	OFF COAST OF OREGON	  11739177
30-AUG-2023 04:40:11	-17.16	-70.11	4.3	137	NEAR COAST OF PERU	  11743788
30-AUG-2023 04:38:14	55.44	162.65	4.8	35	NEAR EAST COAST OF KAMCHATKA	  11739155
30-AUG-2023 04:13:52	8.77	-116.21	4.5	10	EAST CENTRAL PACIFIC OCEAN	  11743782
30-AUG-2023 03:41:03	-24.18	-175.12	4.3	35	SOUTH OF TONGA ISLANDS	  11743719
30-AUG-2023 03:32:55	30.76	140.14	4.6	105	SOUTHEAST OF HONSHU, JAPAN	  11743677
30-AUG-2023 03:29:36	-17.53	-178.17	4.2	433	FIJI ISLANDS REGION	  11743673
30-AUG-2023 02:17:06	-6.10	103.97	5.0	48	SOUTHWEST OF SUMATRA, INDONESIA	  11739132
30-AUG-2023 01:32:32	-23.17	-179.57	4.4	556	SOUTH OF FIJI ISLANDS	  11742660
30-AUG-2023 01:20:10	-17.80	-178.51	4.4	582	FIJI ISLANDS REGION	  11742656
30-AUG-2023 00:04:56	54.47	161.77	4.0	40	NEAR EAST COAST OF KAMCHATKA	  11742667
29-AUG-2023 23:49:59	63.73	-18.92	4.3	10	ICELAND	  11746984
29-AUG-2023 22:38:01	-8.52	118.34	4.6	132	SUMBAWA REGION, INDONESIA	  11739087
29-AUG-2023 21:46:49	72.43	2.82	4.1	10	NORWEGIAN SEA	  11746034
29-AUG-2023 21:31:30	-0.45	-80.32	4.6	40	NEAR COAST OF ECUADOR	  11739051
29-AUG-2023 20:53:17	-1.11	-15.86	4.6	10	NORTH OF ASCENSION ISLAND	  11749761
29-AUG-2023 20:04:55	-9.23	114.99	4.0	90	SOUTH OF BALI, INDONESIA	  11749742
29-AUG-2023 20:00:28	5.92	125.72	4.3	185	MINDANAO, PHILIPPINES	  11749735
29-AUG-2023 19:46:14	-31.14	179.95	4.1	475	KERMADEC ISLANDS REGION	  11749727
29-AUG-2023 18:53:55	-27.06	-175.78	4.7	10	KERMADEC ISLANDS REGION	  11747959
29-AUG-2023 18:20:04	-43.54	159.67	4.1	10	SOUTHEAST OF AUSTRALIA	  11739045
29-AUG-2023 18:11:29	-43.37	159.72	4.3	10	SOUTHEAST OF AUSTRALIA	  11738991
29-AUG-2023 17:36:33	-4.73	149.55	4.4	589	BISMARCK SEA	  11747934
29-AUG-2023 13:57:38	5.88	126.06	4.4	110	MINDANAO, PHILIPPINES	  11738907
29-AUG-2023 13:17:44	10.24	121.85	4.7	10	PANAY, PHILIPPINES	  11741594
29-AUG-2023 13:15:55	27.72	139.84	4.3	494	BONIN ISLANDS, JAPAN REGION	  11738887
29-AUG-2023 12:50:10	-57.49	-26.03	4.9	74	SOUTH SANDWICH ISLANDS REGION	  11750060
29-AUG-2023 12:43:34	-15.00	167.30	4.5	143	VANUATU ISLANDS	  11738874
29-AUG-2023 12:37:12	35.71	140.88	4.7	46	NEAR EAST COAST OF HONSHU, JAPAN	  11738882
29-AUG-2023 10:15:27	13.20	143.82	5.2	146	SOUTH OF MARIANA ISLANDS	  11738862
